{
    "6": {
        "position_m": {
            "x": 0.067414,
            "y": 0.35079,
            "z": 0.459299
        },
        "rotation_quat": {
            "x": -0.0097,
            "y": 0.7326,
            "z": 0.6805,
            "w": 0.0045
        },
        "corners_pixel": [
            [
                1072.7701416015625,
                1094.4892578125
            ],
            [
                990.9888916015625,
                1094.966796875
            ],
            [
                986.7177734375,
                1044.11572265625
            ],
            [
                1060.429443359375,
                1043.652587890625
            ]
        ]
    },
    "1": {
        "position_m": {
            "x": 0.065084,
            "y": 0.361107,
            "z": 0.586154
        },
        "rotation_quat": {
            "x": -0.0081,
            "y": 0.7306,
            "z": 0.6828,
            "w": 0.001
        },
        "corners_pixel": [
            [
                1045.851318359375,
                983.3938598632812
            ],
            [
                981.8215942382812,
                983.2637939453125
            ],
            [
                979.4326171875,
                951.1007690429688
            ],
            [
                1038.5489501953125,
                951.09033203125
            ]
        ]
    },
    "5": {
        "position_m": {
            "x": 0.382322,
            "y": 0.372856,
            "z": 0.782929
        },
        "rotation_quat": {
            "x": 0.0038,
            "y": -0.7247,
            "z": -0.689,
            "w": 0.0088
        },
        "corners_pixel": [
            [
                1329.0,
                878.0
            ],
            [
                1281.205322265625,
                877.3885498046875
            ],
            [
                1262.18115234375,
                857.7100219726562
            ],
            [
                1307.7457275390625,
                859.3289794921875
            ]
        ]
    },
    "4": {
        "position_m": {
            "x": -0.259106,
            "y": 0.366676,
            "z": 0.768208
        },
        "rotation_quat": {
            "x": -0.0073,
            "y": 0.7341,
            "z": 0.6785,
            "w": 0.0262
        },
        "corners_pixel": [
            [
                708.892333984375,
                879.6104125976562
            ],
            [
                659.3348999023438,
                881.0235595703125
            ],
            [
                675.4454345703125,
                863.5213012695312
            ],
            [
                722.2261962890625,
                860.8220825195312
            ]
        ]
    },
    "2": {
        "position_m": {
            "x": -0.146728,
            "y": 0.387719,
            "z": 0.809597
        },
        "rotation_quat": {
            "x": 0.0109,
            "y": -0.6472,
            "z": -0.762,
            "w": 0.0213
        },
        "corners_pixel": [
            [
                827.0,
                881.0
            ],
            [
                779.8689575195312,
                880.7401733398438
            ],
            [
                791.3455810546875,
                862.6629028320312
            ],
            [
                835.2415771484375,
                862.2252807617188
            ]
        ]
    }
}