{
    "6": {
        "position_m": {
            "x": 0.187833,
            "y": 0.349856,
            "z": 0.457418
        },
        "rotation_quat": {
            "x": -0.0122,
            "y": 0.732,
            "z": 0.6812,
            "w": 0.0045
        },
        "corners_pixel": [
            [
                1271.0999755859375,
                1095.2396240234375
            ],
            [
                1189.2940673828125,
                1095.709716796875
            ],
            [
                1165.2821044921875,
                1044.311767578125
            ],
            [
                1238.468505859375,
                1043.806884765625
            ]
        ]
    },
    "1": {
        "position_m": {
            "x": 0.185859,
            "y": 0.360693,
            "z": 0.585091
        },
        "rotation_quat": {
            "x": -0.008,
            "y": 0.7298,
            "z": 0.6837,
            "w": 0.0018
        },
        "corners_pixel": [
            [
                1200.875,
                983.9483642578125
            ],
            [
                1137.2059326171875,
                983.5103759765625
            ],
            [
                1122.375732421875,
                951.3412475585938
            ],
            [
                1181.72705078125,
                950.6752319335938
            ]
        ]
    },
    "5": {
        "position_m": {
            "x": 0.505592,
            "y": 0.376237,
            "z": 0.788855
        },
        "rotation_quat": {
            "x": 0.0087,
            "y": -0.7222,
            "z": -0.6915,
            "w": 0.0104
        },
        "corners_pixel": [
            [
                1443.8673095703125,
                878.7598876953125
            ],
            [
                1396.4210205078125,
                877.748291015625
            ],
            [
                1370.5279541015625,
                857.669921875
            ],
            [
                1415.4176025390625,
                859.6681518554688
            ]
        ]
    },
    "4": {
        "position_m": {
            "x": -0.146131,
            "y": 0.377562,
            "z": 0.789847
        },
        "rotation_quat": {
            "x": 0.0355,
            "y": -0.5992,
            "z": -0.7998,
            "w": 0.0113
        },
        "corners_pixel": [
            [
                823.0,
                880.0
            ],
            [
                776.0,
                880.0
            ],
            [
                785.0054321289062,
                862.737548828125
            ],
            [
                831.1205444335938,
                860.9209594726562
            ]
        ]
    },
    "2": {
        "position_m": {
            "x": -0.020461,
            "y": 0.38488,
            "z": 0.803898
        },
        "rotation_quat": {
            "x": 0.0014,
            "y": -0.7269,
            "z": -0.6867,
            "w": -0.0063
        },
        "corners_pixel": [
            [
                943.8452758789062,
                880.527099609375
            ],
            [
                896.049072265625,
                880.477783203125
            ],
            [
                900.5631103515625,
                862.6285400390625
            ],
            [
                943.4680786132812,
                861.438720703125
            ]
        ]
    }
}