{
    "2": {
        "position_m": {
            "x": -0.022314,
            "y": 0.523513,
            "z": 1.102999
        },
        "rotation_quat": {
            "x": -0.2264,
            "y": -0.1004,
            "z": -0.4191,
            "w": 0.8735
        },
        "corners_pixel": [
            [
                953.0,
                876.0
            ],
            [
                971.5638427734375,
                867.2110595703125
            ],
            [
                1000.1586303710938,
                874.05224609375
            ],
            [
                976.6171264648438,
                883.3494262695312
            ]
        ]
    },
    "5": {
        "position_m": {
            "x": -0.386215,
            "y": 0.490477,
            "z": 0.72118
        },
        "rotation_quat": {
            "x": -0.6546,
            "y": -0.2819,
            "z": -0.2681,
            "w": 0.6482
        },
        "corners_pixel": [
            [
                572.2777099609375,
                1027.6025390625
            ],
            [
                624.8955078125,
                1005.195556640625
            ],
            [
                644.8765869140625,
                1026.6961669921875
            ],
            [
                590.8444213867188,
                1050.185791015625
            ]
        ]
    },
    "8": {
        "position_m": {
            "x": 0.077294,
            "y": 0.494316,
            "z": 0.736574
        },
        "rotation_quat": {
            "x": -0.6643,
            "y": -0.2958,
            "z": -0.2669,
            "w": 0.6324
        },
        "corners_pixel": [
            [
                1043.95849609375,
                1020.32470703125
            ],
            [
                1073.098388671875,
                1000.4815673828125
            ],
            [
                1114.285888671875,
                1020.3135375976562
            ],
            [
                1086.161865234375,
                1043.8135986328125
            ]
        ]
    },
    "3": {
        "position_m": {
            "x": -0.297036,
            "y": 0.493984,
            "z": 0.806797
        },
        "rotation_quat": {
            "x": -0.6722,
            "y": -0.2739,
            "z": -0.2676,
            "w": 0.6336
        },
        "corners_pixel": [
            [
                695.1913452148438,
                977.404296875
            ],
            [
                737.739013671875,
                959.7626342773438
            ],
            [
                760.130615234375,
                976.7666015625
            ],
            [
                716.8811645507812,
                995.6906127929688
            ]
        ]
    },
    "7": {
        "position_m": {
            "x": 0.003485,
            "y": 0.502333,
            "z": 0.811045
        },
        "rotation_quat": {
            "x": -0.6551,
            "y": -0.2898,
            "z": -0.2728,
            "w": 0.6423
        },
        "corners_pixel": [
            [
                969.7916870117188,
                982.6199951171875
            ],
            [
                999.5797119140625,
                964.3318481445312
            ],
            [
                1033.798583984375,
                982.34375
            ],
            [
                1004.7236328125,
                1002.4425659179688
            ]
        ]
    },
    "6": {
        "position_m": {
            "x": -0.396758,
            "y": 0.52522,
            "z": 1.178752
        },
        "rotation_quat": {
            "x": 0.3503,
            "y": -0.0171,
            "z": -0.1789,
            "w": 0.9192
        },
        "corners_pixel": [
            [
                719.57080078125,
                854.653564453125
            ],
            [
                745.8236083984375,
                848.440185546875
            ],
            [
                764.0,
                856.0
            ],
            [
                734.5318603515625,
                861.8696899414062
            ]
        ]
    }
}