{
    "5": {
        "position_m": {
            "x": -0.507603,
            "y": 0.490953,
            "z": 0.720661
        },
        "rotation_quat": {
            "x": -0.672,
            "y": -0.2858,
            "z": -0.2701,
            "w": 0.6275
        },
        "corners_pixel": [
            [
                447.82489013671875,
                1028.501220703125
            ],
            [
                505.97613525390625,
                1006.2863159179688
            ],
            [
                521.145263671875,
                1027.1768798828125
            ],
            [
                460.6190185546875,
                1050.700439453125
            ]
        ]
    },
    "8": {
        "position_m": {
            "x": -0.044456,
            "y": 0.495513,
            "z": 0.738698
        },
        "rotation_quat": {
            "x": -0.6673,
            "y": -0.2901,
            "z": -0.2672,
            "w": 0.6318
        },
        "corners_pixel": [
            [
                922.4014892578125,
                1020.1959838867188
            ],
            [
                957.0603637695312,
                1000.333984375
            ],
            [
                992.8714599609375,
                1019.684814453125
            ],
            [
                958.1091918945312,
                1043.4429931640625
            ]
        ]
    },
    "2": {
        "position_m": {
            "x": -0.149419,
            "y": 0.550234,
            "z": 1.16008
        },
        "rotation_quat": {
            "x": 0.3727,
            "y": 0.1212,
            "z": -0.3334,
            "w": 0.8574
        },
        "corners_pixel": [
            [
                873.0,
                876.0
            ],
            [
                893.399658203125,
                866.870849609375
            ],
            [
                918.0,
                875.0
            ],
            [
                894.0,
                884.0
            ]
        ]
    },
    "7": {
        "position_m": {
            "x": -0.118851,
            "y": 0.503741,
            "z": 0.813395
        },
        "rotation_quat": {
            "x": -0.6594,
            "y": -0.2811,
            "z": -0.2728,
            "w": 0.6417
        },
        "corners_pixel": [
            [
                859.0601196289062,
                982.5367431640625
            ],
            [
                893.615234375,
                964.2281494140625
            ],
            [
                923.2313842773438,
                981.982177734375
            ],
            [
                888.4572143554688,
                1002.0375366210938
            ]
        ]
    },
    "3": {
        "position_m": {
            "x": -0.417205,
            "y": 0.493942,
            "z": 0.806913
        },
        "rotation_quat": {
            "x": -0.6743,
            "y": -0.2754,
            "z": -0.2649,
            "w": 0.6318
        },
        "corners_pixel": [
            [
                586.0533447265625,
                977.6787109375
            ],
            [
                632.5255737304688,
                960.1749877929688
            ],
            [
                650.6478271484375,
                977.0568237304688
            ],
            [
                601.9212036132812,
                995.4793701171875
            ]
        ]
    },
    "6": {
        "position_m": {
            "x": -0.502939,
            "y": 0.509951,
            "z": 1.145442
        },
        "rotation_quat": {
            "x": 0.401,
            "y": -0.0121,
            "z": -0.1081,
            "w": 0.9096
        },
        "corners_pixel": []
    },
    "4": {
        "position_m": {
            "x": -0.057363,
            "y": 0.566887,
            "z": 1.279958
        },
        "rotation_quat": {
            "x": 0.3663,
            "y": 0.2132,
            "z": -0.3917,
            "w": 0.8167
        },
        "corners_pixel": []
    }
}