{
    "4": {
        "position_m": {
            "x": 0.278455,
            "y": 0.342443,
            "z": 0.752603
        },
        "rotation_quat": {
            "x": -0.6866,
            "y": 0.2801,
            "z": 0.2405,
            "w": 0.6264
        },
        "corners_pixel": [
            [
                1316.779296875,
                860.380859375
            ],
            [
                1364.559326171875,
                869.9014892578125
            ],
            [
                1345.522216796875,
                887.9920043945312
            ],
            [
                1288.949462890625,
                872.504638671875
            ]
        ]
    },
    "2": {
        "position_m": {
            "x": 0.188571,
            "y": 0.352066,
            "z": 0.844272
        },
        "rotation_quat": {
            "x": -0.6823,
            "y": 0.2916,
            "z": 0.2389,
            "w": 0.6264
        },
        "corners_pixel": [
            [
                1198.8023681640625,
                829.1967163085938
            ],
            [
                1239.97314453125,
                838.1060180664062
            ],
            [
                1215.47900390625,
                851.5173950195312
            ],
            [
                1172.0,
                841.0
            ]
        ]
    },
    "8": {
        "position_m": {
            "x": -0.188348,
            "y": 0.34316,
            "z": 0.746779
        },
        "rotation_quat": {
            "x": -0.6834,
            "y": 0.2701,
            "z": 0.2508,
            "w": 0.6302
        },
        "corners_pixel": [
            [
                828.7415161132812,
                861.5731811523438
            ],
            [
                858.8528442382812,
                876.5292358398438
            ],
            [
                810.6203002929688,
                892.6846923828125
            ],
            [
                780.8147583007812,
                877.1769409179688
            ]
        ]
    },
    "7": {
        "position_m": {
            "x": -0.117452,
            "y": 0.351242,
            "z": 0.823567
        },
        "rotation_quat": {
            "x": -0.664,
            "y": 0.2584,
            "z": 0.2692,
            "w": 0.648
        },
        "corners_pixel": [
            [
                914.7853393554688,
                836.6221923828125
            ],
            [
                943.8731689453125,
                847.84521484375
            ],
            [
                905.5439453125,
                859.9382934570312
            ],
            [
                874.3200073242188,
                848.1641235351562
            ]
        ]
    }
}