{
    "4": {
        "position_m": {
            "x": 0.123972,
            "y": 0.612147,
            "z": 0.760523
        },
        "rotation_quat": {
            "x": -0.5241,
            "y": 0.5102,
            "z": 0.4799,
            "w": 0.4844
        },
        "corners_pixel": [
            [
                1084.091552734375,
                1141.4215087890625
            ],
            [
                1093.6021728515625,
                1178.9234619140625
            ],
            [
                1041.9498291015625,
                1179.40869140625
            ],
            [
                1036.096435546875,
                1141.27685546875
            ]
        ]
    },
    "2": {
        "position_m": {
            "x": 0.125766,
            "y": 0.634981,
            "z": 0.90232
        },
        "rotation_quat": {
            "x": -0.5359,
            "y": 0.5064,
            "z": 0.4779,
            "w": 0.4776
        },
        "corners_pixel": [
            [
                1066.6009521484375,
                1067.336181640625
            ],
            [
                1074.380126953125,
                1093.3585205078125
            ],
            [
                1031.0726318359375,
                1093.296630859375
            ],
            [
                1026.6337890625,
                1066.42919921875
            ]
        ]
    },
    "6": {
        "position_m": {
            "x": 0.442931,
            "y": 0.625957,
            "z": 1.065427
        },
        "rotation_quat": {
            "x": -0.4832,
            "y": 0.5075,
            "z": 0.5107,
            "w": 0.4982
        },
        "corners_pixel": [
            [
                1269.5379638671875,
                982.5927734375
            ],
            [
                1283.67236328125,
                1000.7144775390625
            ],
            [
                1246.6844482421875,
                1000.3947143554688
            ],
            [
                1234.5863037109375,
                979.910888671875
            ]
        ]
    },
    "1": {
        "position_m": {
            "x": 0.311651,
            "y": 0.609563,
            "z": 1.037052
        },
        "rotation_quat": {
            "x": 0.2132,
            "y": 0.0423,
            "z": 0.5976,
            "w": 0.7717
        },
        "corners_pixel": [
            [
                1184.900634765625,
                981.240234375
            ],
            [
                1193.0167236328125,
                1004.3303833007812
            ],
            [
                1157.86572265625,
                998.436279296875
            ],
            [
                1149.955810546875,
                980.162353515625
            ]
        ]
    },
    "8": {
        "position_m": {
            "x": -0.201154,
            "y": 0.630999,
            "z": 1.080119
        },
        "rotation_quat": {
            "x": -0.5187,
            "y": 0.4914,
            "z": 0.4922,
            "w": 0.4972
        },
        "corners_pixel": [
            [
                827.310791015625,
                979.1307983398438
            ],
            [
                823.3585205078125,
                998.8931884765625
            ],
            [
                786.0,
                998.0
            ],
            [
                795.1614379882812,
                979.6087036132812
            ]
        ]
    },
    "7": {
        "position_m": {
            "x": -0.090273,
            "y": 0.584196,
            "z": 1.001195
        },
        "rotation_quat": {
            "x": -0.33,
            "y": 0.2465,
            "z": 0.6738,
            "w": 0.6135
        },
        "corners_pixel": [
            [
                899.3391723632812,
                977.081787109375
            ],
            [
                892.0,
                998.0
            ],
            [
                857.8897094726562,
                998.4287719726562
            ],
            [
                861.6072998046875,
                978.7738037109375
            ]
        ]
    }
}