{
    "camera_matrix": [
        [
            737.599,
            0.0,
            952.203
        ],
        [
            0.0,
            737.411,
            579.56
        ],
        [
            0.0,
            0.0,
            1.0
        ]
    ],
    "distortion_coeffs": [
        -0.011644211970573087,
        -0.03446171529477812,
        -0.00025158205901685437,
        -1.601647386337792e-05,
        0.009449363842105223
    ],
    "advanced_distortion": {
        "k1": 0.22316168583513796,
        "k2": 0.44687790182453363,
        "k3": -0.017913936014400843,
        "k4": 0.22422962913800798,
        "k5": 0.49713431927053703,
        "k6": -0.007956858919765608,
        "p1": -0.000263978919328771,
        "p2": -1.6240159160712232e-05
    }
}