{
    "camera_matrix": [
        [
            740.294,
            0.0,
            970.826
        ],
        [
            0.0,
            740.666,
            615.388
        ],
        [
            0.0,
            0.0,
            1.0
        ]
    ],
    "distortion_coeffs": [
        -0.004324792836863234,
        -0.044924273051576244,
        -0.00015804802069500418,
        8.446305090471108e-05,
        0.014128446052889002
    ],
    "advanced_distortion": {
        "k1": 0.1099635369168511,
        "k2": 0.9262618078238998,
        "k3": 0.024117795706946374,
        "k4": 0.11701613084970178,
        "k5": 0.9512033686427923,
        "k6": 0.06695098248315273,
        "p1": -0.00025727276214196847,
        "p2": 0.00014850850108150351
    }
}