{
    "camera_matrix": [
        [
            739.738,
            0.0,
            967.386
        ],
        [
            0.0,
            739.836,
            621.871
        ],
        [
            0.0,
            0.0,
            1.0
        ]
    ],
    "distortion_coeffs": [
        -0.006431271312612757,
        -0.040943310019251125,
        0.00018106696256736828,
        0.00010602951664724419,
        0.011960269432213276
    ],
    "advanced_distortion": {
        "k1": 0.22247792018172646,
        "k2": 1.2620160006330081,
        "k3": 0.03875958771483211,
        "k4": 0.22873481553596214,
        "k5": 1.2831315103771448,
        "k6": 0.10324835523379826,
        "p1": 0.00010103001363269456,
        "p2": 6.437758820487441e-05
    }
}