{
    "camera_matrix": [
        [
            739.865,
            0.0,
            973.085
        ],
        [
            0.0,
            739.852,
            544.875
        ],
        [
            0.0,
            0.0,
            1.0
        ]
    ],
    "distortion_coeffs": [
        -0.004010291097564468,
        -0.04379502094552287,
        -0.00021885868880579663,
        0.000343442064376711,
        0.013218838686316696
    ],
    "advanced_distortion": {
        "k1": -0.2933063975183577,
        "k2": 0.36231825829363784,
        "k3": -0.10650442590903463,
        "k4": -0.2923273957993277,
        "k5": 0.40673992540808734,
        "k6": -0.11757978788348175,
        "p1": -0.00023048542517665416,
        "p2": 0.00030842271826529103
    }
}