{
    "camera_matrix": [
        [
            737.118,
            0.0,
            974.584
        ],
        [
            0.0,
            737.085,
            612.68
        ],
        [
            0.0,
            0.0,
            1.0
        ]
    ],
    "distortion_coeffs": [
        -0.005643106304680097,
        -0.04613633865985787,
        0.00013427180750958065,
        0.000311206091784389,
        0.014788022640489918
    ],
    "advanced_distortion": {
        "k1": 3.4325927279161563,
        "k2": 3.544964710695617,
        "k3": 0.7734404461442601,
        "k4": 3.4493117614944837,
        "k5": 3.536503403772646,
        "k6": 1.1025569184041366,
        "p1": 0.0001080906112187043,
        "p2": 0.00034393218332527106
    }
}