{
    "camera_matrix": [
        [
            741.345,
            0.0,
            964.97
        ],
        [
            0.0,
            741.305,
            617.332
        ],
        [
            0.0,
            0.0,
            1.0
        ]
    ],
    "distortion_coeffs": [
        -0.004702661745079126,
        -0.043820573013860074,
        -0.00013491302983219014,
        -9.248572284493359e-05,
        0.013343884779934726
    ],
    "advanced_distortion": {
        "k1": -0.33581264677303374,
        "k2": 0.16799795895070885,
        "k3": -0.12500147101530995,
        "k4": -0.33516670700710316,
        "k5": 0.21766535941049017,
        "k6": -0.1498968321803414,
        "p1": -0.000108738253325781,
        "p2": -4.16405300781977e-05
    }
}