{
    "camera_matrix": [
        [
            742.696,
            0.0,
            973.838
        ],
        [
            0.0,
            742.894,
            535.853
        ],
        [
            0.0,
            0.0,
            1.0
        ]
    ],
    "distortion_coeffs": [
        -0.0017388454017429765,
        -0.05135136385205364,
        -4.901526708441068e-05,
        7.529832735358121e-05,
        0.018002525767767445
    ],
    "advanced_distortion": {
        "k1": 2.675681413374988,
        "k2": 2.793813348460074,
        "k3": 0.7390149421907043,
        "k4": 2.6897551406441615,
        "k5": 2.789038739617845,
        "k6": 0.9940241504973053,
        "p1": -0.00011340278731885179,
        "p2": 0.00012372317648635608
    }
}