{
    "camera_matrix": [
        [
            738.193,
            0.0,
            964.927
        ],
        [
            0.0,
            738.258,
            602.498
        ],
        [
            0.0,
            0.0,
            1.0
        ]
    ],
    "distortion_coeffs": [
        -0.0005965345717048424,
        -0.050415878106735264,
        -0.0001392298076543885,
        -0.0001475244168605054,
        0.01627959228038135
    ],
    "advanced_distortion": {
        "k1": 1.0392467536575982,
        "k2": 0.7802013083820234,
        "k3": 0.13039546597612334,
        "k4": 1.0344645523466198,
        "k5": 0.8352020961396993,
        "k6": 0.18452054139884372,
        "p1": -9.4042793288135e-05,
        "p2": -0.0001341439879101611
    }
}