{
    "6": {
        "position_m": {
            "x": 0.187833,
            "y": 0.349856,
            "z": 0.457418
        },
        "rotation_quat": {
            "x": 0.012199838170220011,
            "y": -0.7319902902132,
            "z": -0.6811909640617921,
            "w": -0.004499940308687705
        },
        "corners_pixel": [
            [
                1271.0999755859375,
                1095.2396240234375
            ],
            [
                1189.2940673828125,
                1095.709716796875
            ],
            [
                1165.2821044921875,
                1044.311767578125
            ],
            [
                1238.468505859375,
                1043.806884765625
            ]
        ]
    },
    "1": {
        "position_m": {
            "x": 0.185859,
            "y": 0.360693,
            "z": 0.585091
        },
        "rotation_quat": {
            "x": 0.007999516163896792,
            "y": -0.7297558620514855,
            "z": -0.68365865015703,
            "w": -0.0017998911368767789
        },
        "corners_pixel": [
            [
                1200.875,
                983.9483642578125
            ],
            [
                1137.2059326171875,
                983.5103759765625
            ],
            [
                1122.375732421875,
                951.3412475585938
            ],
            [
                1181.72705078125,
                950.6752319335938
            ]
        ]
    },
    "5": {
        "position_m": {
            "x": 0.505592,
            "y": 0.376237,
            "z": 0.788855
        },
        "rotation_quat": {
            "x": 0.008700309127475051,
            "y": -0.7222256611336182,
            "z": -0.6915245703044823,
            "w": 0.01040036953169431
        },
        "corners_pixel": [
            [
                1443.8673095703125,
                878.7598876953125
            ],
            [
                1396.4210205078125,
                877.748291015625
            ],
            [
                1370.5279541015625,
                857.669921875
            ],
            [
                1415.4176025390625,
                859.6681518554688
            ]
        ]
    },
    "4": {
        "position_m": {
            "x": -0.146131,
            "y": 0.377562,
            "z": 0.789847
        },
        "rotation_quat": {
            "x": 0.035498072152050704,
            "y": -0.5991674600988391,
            "z": -0.7997565664002861,
            "w": 0.01129938634699079
        },
        "corners_pixel": [
            [
                823.0,
                880.0
            ],
            [
                776.0,
                880.0
            ],
            [
                785.0054321289062,
                862.737548828125
            ],
            [
                831.1205444335938,
                860.9209594726562
            ]
        ]
    },
    "2": {
        "position_m": {
            "x": -0.020461,
            "y": 0.38488,
            "z": 0.803898
        },
        "rotation_quat": {
            "x": 0.0014000124951672782,
            "y": -0.7269064876693541,
            "z": -0.6867061288795504,
            "w": -0.006300056228252754
        },
        "corners_pixel": [
            [
                943.8452758789062,
                880.527099609375
            ],
            [
                896.049072265625,
                880.477783203125
            ],
            [
                900.5631103515625,
                862.6285400390625
            ],
            [
                943.4680786132812,
                861.438720703125
            ]
        ]
    }
}