{
    "4": {
        "position_m": {
            "x": 0.157132,
            "y": 0.34158,
            "z": 0.754185
        },
        "rotation_quat": {
            "x": 0.6780554566098691,
            "y": -0.28008160064359866,
            "z": -0.24238407710106505,
            "w": -0.6348582943542337
        },
        "corners_pixel": [
            [
                1186.9444580078125,
                858.1173706054688
            ],
            [
                1233.3753662109375,
                868.72314453125
            ],
            [
                1205.8489990234375,
                888.16845703125
            ],
            [
                1157.480224609375,
                871.5758056640625
            ]
        ]
    },
    "8": {
        "position_m": {
            "x": -0.304332,
            "y": 0.336098,
            "z": 0.731518
        },
        "rotation_quat": {
            "x": 0.6833254030940489,
            "y": -0.2756102460013462,
            "z": -0.2568095470723719,
            "w": -0.6254232505415163
        },
        "corners_pixel": [
            [
                700.589111328125,
                862.2357788085938
            ],
            [
                725.369873046875,
                876.6445922851562
            ],
            [
                667.2509155273438,
                893.19287109375
            ],
            [
                645.7576904296875,
                876.2655029296875
            ]
        ]
    },
    "7": {
        "position_m": {
            "x": -0.237008,
            "y": 0.347321,
            "z": 0.813464
        },
        "rotation_quat": {
            "x": 0.6926984379667837,
            "y": -0.2756993782986029,
            "z": -0.25629942204545497,
            "w": -0.6151986127286926
        },
        "corners_pixel": [
            [
                798.9324951171875,
                837.0526733398438
            ],
            [
                823.0,
                848.0
            ],
            [
                778.3214721679688,
                860.24072265625
            ],
            [
                752.274658203125,
                847.2926635742188
            ]
        ]
    },
    "2": {
        "position_m": {
            "x": 0.065941,
            "y": 0.352254,
            "z": 0.844557
        },
        "rotation_quat": {
            "x": 0.6881141099244874,
            "y": -0.2828057989923631,
            "z": -0.23770487418841837,
            "w": -0.6245128057663748
        },
        "corners_pixel": []
    }
}