{
    "4": {
        "position_m": {
            "x": 0.244356,
            "y": 0.610569,
            "z": 0.757061
        },
        "rotation_quat": {
            "x": 0.5266992915899289,
            "y": -0.509199315127382,
            "z": -0.47959935493930156,
            "w": -0.4829993503663107
        },
        "corners_pixel": [
            [
                1201.1595458984375,
                1142.552001953125
            ],
            [
                1219.2998046875,
                1180.137939453125
            ],
            [
                1167.34326171875,
                1180.5076904296875
            ],
            [
                1153.381103515625,
                1142.38525390625
            ]
        ]
    },
    "2": {
        "position_m": {
            "x": 0.245669,
            "y": 0.625549,
            "z": 0.888203
        },
        "rotation_quat": {
            "x": 0.5342063437379981,
            "y": -0.5088060421076251,
            "z": -0.47860568347623716,
            "w": -0.4761056537882083
        },
        "corners_pixel": [
            [
                1166.8404541015625,
                1067.7703857421875
            ],
            [
                1181.024658203125,
                1094.1134033203125
            ],
            [
                1137.6759033203125,
                1093.5762939453125
            ],
            [
                1126.9061279296875,
                1066.7247314453125
            ]
        ]
    },
    "6": {
        "position_m": {
            "x": 0.558943,
            "y": 0.623648,
            "z": 1.059353
        },
        "rotation_quat": {
            "x": 0.4874020519669583,
            "y": -0.4991021012242692,
            "z": -0.5151021685846946,
            "w": -0.4980020965932401
        },
        "corners_pixel": [
            [
                1351.429443359375,
                983.3106079101562
            ],
            [
                1369.0,
                1001.0
            ],
            [
                1333.108642578125,
                1000.9969482421875
            ],
            [
                1316.4954833984375,
                980.4812622070312
            ]
        ]
    },
    "1": {
        "position_m": {
            "x": 0.426637,
            "y": 0.60945,
            "z": 1.035305
        },
        "rotation_quat": {
            "x": 0.3178018210096514,
            "y": 0.033500191956650265,
            "z": 0.5176029658734916,
            "w": 0.7937045479400897
        },
        "corners_pixel": [
            [
                1266.494384765625,
                981.8936767578125
            ],
            [
                1279.1688232421875,
                1004.3460693359375
            ],
            [
                1243.5819091796875,
                998.607421875
            ],
            [
                1231.6531982421875,
                980.3933715820312
            ]
        ]
    },
    "8": {
        "position_m": {
            "x": -0.088118,
            "y": 0.669281,
            "z": 1.14853
        },
        "rotation_quat": {
            "x": 0.47589326615792554,
            "y": -0.5042928643064546,
            "z": -0.49419300721842147,
            "w": -0.5243925798974914
        },
        "corners_pixel": [
            [
                908.0728149414062,
                979.4188842773438
            ],
            [
                906.0,
                998.0
            ],
            [
                872.465576171875,
                1002.3026733398438
            ],
            [
                877.2423706054688,
                979.4464721679688
            ]
        ]
    },
    "7": {
        "position_m": {
            "x": 0.02072,
            "y": 0.606702,
            "z": 1.041599
        },
        "rotation_quat": {
            "x": 0.17529223998430016,
            "y": -0.19379142104368102,
            "z": 0.6875695619692226,
            "w": 0.6774700090665331
        },
        "corners_pixel": [
            [
                978.94921875,
                978.350830078125
            ],
            [
                978.0,
                998.0
            ],
            [
                944.3048095703125,
                997.9413452148438
            ],
            [
                943.766845703125,
                978.8473510742188
            ]
        ]
    }
}