{
    "4": {
        "position_m": {
            "x": 0.28431263201927565,
            "y": 0.34645588970148333,
            "z": 0.7603456228619476
        },
        "rotation_quat": {
            "x": 0.6823050173612801,
            "y": -0.29653394459765864,
            "z": -0.2460044376779606,
            "w": -0.6212964667755053
        },
        "corners_pixel": [
            [
                1317.6002197265625,
                860.323486328125
            ],
            [
                1365.5400390625,
                869.5950927734375
            ],
            [
                1346.420654296875,
                887.7160034179688
            ],
            [
                1289.7752685546875,
                872.1866455078125
            ]
        ]
    },
    "2": {
        "position_m": {
            "x": 0.19006648858909306,
            "y": 0.3530340591895176,
            "z": 0.8464690413781802
        },
        "rotation_quat": {
            "x": 0.6831419786499416,
            "y": -0.2900494762420307,
            "z": -0.23774807941575501,
            "w": -0.6266292277512168
        },
        "corners_pixel": [
            [
                1199.6451416015625,
                829.336181640625
            ],
            [
                1240.806884765625,
                838.1287841796875
            ],
            [
                1216.6328125,
                851.5635986328125
            ],
            [
                1174.0,
                841.0
            ]
        ]
    },
    "8": {
        "position_m": {
            "x": -0.18788659379224298,
            "y": 0.34368396340384266,
            "z": 0.7486152668440266
        },
        "rotation_quat": {
            "x": 0.6837614021101368,
            "y": -0.2686331690900633,
            "z": -0.2515626352997385,
            "w": -0.6300974575175335
        },
        "corners_pixel": [
            [
                829.30224609375,
                862.017822265625
            ],
            [
                859.7860107421875,
                876.0682373046875
            ],
            [
                811.9445190429688,
                892.5119018554688
            ],
            [
                782.123046875,
                876.6096801757812
            ]
        ]
    },
    "7": {
        "position_m": {
            "x": -0.11578353112157826,
            "y": 0.34853965897523365,
            "z": 0.818625654442129
        },
        "rotation_quat": {
            "x": 0.6920737365887533,
            "y": -0.2691263548668736,
            "z": -0.2576895827710328,
            "w": -0.6182240913871295
        },
        "corners_pixel": [
            [
                915.8643188476562,
                836.568359375
            ],
            [
                944.9528198242188,
                847.5888061523438
            ],
            [
                906.6209716796875,
                859.6392211914062
            ],
            [
                874.6648559570312,
                846.1738891601562
            ]
        ]
    }
}