{
    "5": {
        "position_m": {
            "x": -0.48503510283302265,
            "y": 0.49114346022002614,
            "z": 0.7300064331573486
        },
        "rotation_quat": {
            "x": 0.6765987937330435,
            "y": 0.27600536892626865,
            "z": 0.26015575319255385,
            "w": -0.6311529867818735
        },
        "corners_pixel": [
            [
                477.42657470703125,
                1022.2136840820312
            ],
            [
                533.97314453125,
                1001.3229370117188
            ],
            [
                548.46923828125,
                1022.29833984375
            ],
            [
                489.40093994140625,
                1044.57958984375
            ]
        ]
    },
    "8": {
        "position_m": {
            "x": -0.022313980009327637,
            "y": 0.495990783266781,
            "z": 0.7372030946637969
        },
        "rotation_quat": {
            "x": 0.670854473175983,
            "y": 0.28292190091405384,
            "z": 0.25790966676940896,
            "w": -0.6351315435323969
        },
        "corners_pixel": [
            [
                944.4598388671875,
                1021.5465698242188
            ],
            [
                979.2357177734375,
                1002.4411010742188
            ],
            [
                1015.0202026367188,
                1022.4598388671875
            ],
            [
                980.4635009765625,
                1045.71533203125
            ]
        ]
    },
    "7": {
        "position_m": {
            "x": -0.09461589289816039,
            "y": 0.5035273202004104,
            "z": 0.812161402067921
        },
        "rotation_quat": {
            "x": 0.6614488607577459,
            "y": 0.270296313820171,
            "z": 0.26643970950522733,
            "w": -0.6468656649848391
        },
        "corners_pixel": [
            [
                880.9117431640625,
                983.167724609375
            ],
            [
                915.5463256835938,
                964.6909790039062
            ],
            [
                944.99267578125,
                983.3348999023438
            ],
            [
                910.4400634765625,
                1003.2112426757812
            ]
        ]
    },
    "3": {
        "position_m": {
            "x": -0.3913309383277846,
            "y": 0.491281572765761,
            "z": 0.8105682402628946
        },
        "rotation_quat": {
            "x": 0.6745307965007763,
            "y": 0.2696824808203664,
            "z": 0.25209279773881726,
            "w": -0.6393190013121908
        },
        "corners_pixel": [
            [
                611.1866455078125,
                973.2905883789062
            ],
            [
                657.2741088867188,
                956.6179809570312
            ],
            [
                674.574951171875,
                974.16259765625
            ],
            [
                627.1472778320312,
                992.2311401367188
            ]
        ]
    }
}