{
    "8": {
        "position_m": {
            "x": -0.3043479590716329,
            "y": 0.3372079922873743,
            "z": 0.7340641322796029
        },
        "rotation_quat": {
            "x": 0.6829574434446232,
            "y": -0.28004457536590116,
            "z": -0.2565185991903446,
            "w": -0.6239730559256065
        },
        "corners_pixel": [
            [
                701.546630859375,
                862.0178833007812
            ],
            [
                726.4232788085938,
                876.2816162109375
            ],
            [
                667.8399658203125,
                892.531005859375
            ],
            [
                647.1602172851562,
                876.077880859375
            ]
        ]
    },
    "4": {
        "position_m": {
            "x": 0.15774664802739585,
            "y": 0.3411191447152807,
            "z": 0.7532089548373705
        },
        "rotation_quat": {
            "x": 0.6776415482342192,
            "y": -0.28033963869840556,
            "z": -0.2424401776271247,
            "w": -0.6351648442359716
        },
        "corners_pixel": [
            [
                1188.0767822265625,
                858.0994262695312
            ],
            [
                1234.129150390625,
                868.6663208007812
            ],
            [
                1206.7249755859375,
                888.2337646484375
            ],
            [
                1158.271240234375,
                871.6936645507812
            ]
        ]
    },
    "7": {
        "position_m": {
            "x": -0.23583816440259037,
            "y": 0.34701498484946636,
            "z": 0.8131772287334783
        },
        "rotation_quat": {
            "x": 0.6932840545293083,
            "y": -0.2751969797375001,
            "z": -0.2562956205175631,
            "w": -0.6147653186235202
        },
        "corners_pixel": [
            [
                799.6604614257812,
                836.8211669921875
            ],
            [
                824.2998046875,
                847.8535766601562
            ],
            [
                779.6119995117188,
                859.6815185546875
            ],
            [
                753.7335205078125,
                847.3921508789062
            ]
        ]
    },
    "2": {
        "position_m": {
            "x": 0.06683354772536187,
            "y": 0.35154290817638617,
            "z": 0.8433716133111613
        },
        "rotation_quat": {
            "x": 0.6867932644444361,
            "y": -0.2852651563821165,
            "z": -0.23491820769826394,
            "w": -0.6259011408839873
        },
        "corners_pixel": [
            [
                1086.340576171875,
                829.1898193359375
            ],
            [
                1123.9171142578125,
                837.5813598632812
            ],
            [
                1094.0,
                851.0
            ],
            [
                1056.10009765625,
                840.4888916015625
            ]
        ]
    }
}