{
    "6": {
        "position_m": {
            "x": 0.06741806802533756,
            "y": 0.35091504762077724,
            "z": 0.4595434745441674
        },
        "rotation_quat": {
            "x": 0.009783615410775352,
            "y": -0.7322896318416537,
            "z": -0.6809064774672274,
            "w": -0.004748148047550172
        },
        "corners_pixel": [
            [
                1072.7100830078125,
                1094.3848876953125
            ],
            [
                990.9207763671875,
                1094.7991943359375
            ],
            [
                986.5956420898438,
                1044.0438232421875
            ],
            [
                1060.3040771484375,
                1043.5201416015625
            ]
        ]
    },
    "1": {
        "position_m": {
            "x": 0.06510137694711021,
            "y": 0.36103786088878104,
            "z": 0.5860581978009627
        },
        "rotation_quat": {
            "x": 0.00836224087604599,
            "y": -0.7306062551229293,
            "z": -0.682746842720864,
            "w": -0.0011496336251165633
        },
        "corners_pixel": [
            [
                1045.68603515625,
                983.4450073242188
            ],
            [
                981.7860107421875,
                983.1414794921875
            ],
            [
                979.52490234375,
                950.924560546875
            ],
            [
                1038.4681396484375,
                950.8916015625
            ]
        ]
    },
    "5": {
        "position_m": {
            "x": 0.3818100647111012,
            "y": 0.3722931984041755,
            "z": 0.7819402680872325
        },
        "rotation_quat": {
            "x": 0.002287914852067969,
            "y": -0.7252454404255113,
            "z": -0.6884321679066117,
            "w": 0.008658335812322511
        },
        "corners_pixel": [
            [
                1329.21923828125,
                878.1676635742188
            ],
            [
                1281.0782470703125,
                877.3757934570312
            ],
            [
                1262.3935546875,
                858.5801391601562
            ],
            [
                1307.6728515625,
                859.1909790039062
            ]
        ]
    },
    "4": {
        "position_m": {
            "x": -0.2593204832082438,
            "y": 0.3669707302732622,
            "z": 0.7690211126535531
        },
        "rotation_quat": {
            "x": -0.008696961615811051,
            "y": 0.7345156274803082,
            "z": 0.6780134588659925,
            "w": 0.026625278260245296
        },
        "corners_pixel": [
            [
                709.2385864257812,
                879.6324462890625
            ],
            [
                659.3838500976562,
                880.9817504882812
            ],
            [
                675.5596313476562,
                863.6273193359375
            ],
            [
                722.2574462890625,
                860.6232299804688
            ]
        ]
    },
    "2": {
        "position_m": {
            "x": -0.1425442408701321,
            "y": 0.38003990311411123,
            "z": 0.794554684194813
        },
        "rotation_quat": {
            "x": 0.007275310545959507,
            "y": 0.7341312577810802,
            "z": 0.678951307409517,
            "w": 0.004846480386485829
        },
        "corners_pixel": [
            [
                824.5106811523438,
                879.9655151367188
            ],
            [
                780.0272827148438,
                880.715087890625
            ],
            [
                791.755859375,
                863.0245971679688
            ],
            [
                835.39501953125,
                862.1161499023438
            ]
        ]
    }
}