{
    "4": {
        "position_m": {
            "x": 0.24440480462458877,
            "y": 0.610492810226366,
            "z": 0.7569654865808038
        },
        "rotation_quat": {
            "x": 0.5263950221341047,
            "y": -0.5093528811919251,
            "z": -0.4796895382915606,
            "w": -0.483079568961004
        },
        "corners_pixel": [
            [
                1201.1173095703125,
                1142.4317626953125
            ],
            [
                1219.2879638671875,
                1180.1815185546875
            ],
            [
                1167.418212890625,
                1180.53564453125
            ],
            [
                1153.429443359375,
                1142.3165283203125
            ]
        ]
    },
    "2": {
        "position_m": {
            "x": 0.23992682293019146,
            "y": 0.6086919028529086,
            "z": 0.8648759329183463
        },
        "rotation_quat": {
            "x": 0.5169787550021248,
            "y": -0.5261740919238086,
            "z": -0.4781325055208061,
            "w": -0.476721196328635
        },
        "corners_pixel": [
            [
                1166.769775390625,
                1067.6864013671875
            ],
            [
                1181.0699462890625,
                1094.1212158203125
            ],
            [
                1133.75927734375,
                1095.2230224609375
            ],
            [
                1126.8394775390625,
                1066.5872802734375
            ]
        ]
    },
    "6": {
        "position_m": {
            "x": 0.5647658109199216,
            "y": 0.6296925291026034,
            "z": 1.0703462132047523
        },
        "rotation_quat": {
            "x": 0.5117815411072586,
            "y": -0.5132308738037079,
            "z": -0.5004927712686057,
            "w": -0.47347725422076314
        },
        "corners_pixel": [
            [
                1351.6314697265625,
                983.5029907226562
            ],
            [
                1369.0,
                1001.0
            ],
            [
                1333.0860595703125,
                1001.0657348632812
            ],
            [
                1316.3958740234375,
                980.2735595703125
            ]
        ]
    },
    "1": {
        "position_m": {
            "x": 0.42623632349935736,
            "y": 0.6088309554871487,
            "z": 1.034213782514269
        },
        "rotation_quat": {
            "x": 0.355810384676802,
            "y": 0.004159197013444026,
            "z": 0.5022469004301401,
            "w": 0.7881178352535021
        },
        "corners_pixel": [
            [
                1266.447998046875,
                981.8270263671875
            ],
            [
                1279.250732421875,
                1004.4644165039062
            ],
            [
                1243.5562744140625,
                998.54345703125
            ],
            [
                1231.7760009765625,
                980.5798950195312
            ]
        ]
    },
    "8": {
        "position_m": {
            "x": -0.08898309480429623,
            "y": 0.6742508896613844,
            "z": 1.15742566080239
        },
        "rotation_quat": {
            "x": 0.47053580453040383,
            "y": -0.5054797541725041,
            "z": -0.4934617801553218,
            "w": -0.5287549019182434
        },
        "corners_pixel": [
            [
                908.1991577148438,
                979.641845703125
            ],
            [
                906.0,
                998.0
            ],
            [
                872.0,
                998.0
            ],
            [
                876.7683715820312,
                979.3456420898438
            ]
        ]
    },
    "7": {
        "position_m": {
            "x": 0.020871357827148006,
            "y": 0.6126969452621317,
            "z": 1.0516972385876378
        },
        "rotation_quat": {
            "x": 0.1741646268386524,
            "y": -0.19300631868559442,
            "z": 0.688089973744012,
            "w": 0.6774565902982659
        },
        "corners_pixel": [
            [
                979.8653564453125,
                977.87255859375
            ],
            [
                978.0,
                998.0
            ],
            [
                944.2523803710938,
                997.9892578125
            ],
            [
                944.3284301757812,
                978.8888549804688
            ]
        ]
    }
}