{
    "5": {
        "position_m": {
            "x": -0.364798997427957,
            "y": 0.49225902425684287,
            "z": 0.7320152261027983
        },
        "rotation_quat": {
            "x": 0.6751299096855676,
            "y": 0.26884579767705263,
            "z": 0.2621344996293285,
            "w": -0.6349858630106882
        },
        "corners_pixel": [
            [
                599.7355346679688,
                1022.0252075195312
            ],
            [
                650.7052612304688,
                1000.3634033203125
            ],
            [
                670.516357421875,
                1021.7282104492188
            ],
            [
                617.3978881835938,
                1044.4586181640625
            ]
        ]
    },
    "8": {
        "position_m": {
            "x": 0.09909118587812576,
            "y": 0.49279230478998104,
            "z": 0.7317231661855412
        },
        "rotation_quat": {
            "x": 0.6658057702421977,
            "y": 0.28796106182873404,
            "z": 0.25839164792957325,
            "w": -0.6379771621797299
        },
        "corners_pixel": [
            [
                1066.46240234375,
                1021.8577270507812
            ],
            [
                1095.47509765625,
                1002.5794677734375
            ],
            [
                1137.5069580078125,
                1023.3345336914062
            ],
            [
                1109.187744140625,
                1046.725830078125
            ]
        ]
    },
    "7": {
        "position_m": {
            "x": 0.027718253098371965,
            "y": 0.5039926004535144,
            "z": 0.8127771780154427
        },
        "rotation_quat": {
            "x": 0.6599861640713839,
            "y": 0.27670821374229954,
            "z": 0.2652792719420988,
            "w": -0.6461251701951847
        },
        "corners_pixel": [
            [
                991.8091430664062,
                982.9286499023438
            ],
            [
                1021.4577026367188,
                965.2032470703125
            ],
            [
                1055.9249267578125,
                983.4954833984375
            ],
            [
                1026.572509765625,
                1003.5324096679688
            ]
        ]
    },
    "3": {
        "position_m": {
            "x": -0.27487842116903705,
            "y": 0.49854231593665976,
            "z": 0.8215423105872026
        },
        "rotation_quat": {
            "x": 0.6699982515963068,
            "y": 0.26400854647763633,
            "z": 0.2581216738162006,
            "w": -0.6440303034415236
        },
        "corners_pixel": [
            [
                720.2371826171875,
                973.4100952148438
            ],
            [
                761.2575073242188,
                956.516357421875
            ],
            [
                783.2337036132812,
                974.2407836914062
            ],
            [
                741.0068969726562,
                992.4849243164062
            ]
        ]
    },
    "2": {
        "position_m": {
            "x": 0.010719246477937054,
            "y": 0.5360079767637637,
            "z": 1.1292938416796783
        },
        "rotation_quat": {
            "x": 0.6812035801599186,
            "y": 0.3114375481708811,
            "z": 0.2801816130484461,
            "w": -0.60038870715245
        },
        "corners_pixel": [
            [
                975.0,
                876.0
            ],
            [
                992.6255493164062,
                867.554443359375
            ],
            [
                1020.7276611328125,
                874.3521728515625
            ],
            [
                998.2686767578125,
                883.4942626953125
            ]
        ]
    }
}