{
    "6": {
        "position_m": {
            "x": 0.18782814645524548,
            "y": 0.34981563597844884,
            "z": 0.4574612694658832
        },
        "rotation_quat": {
            "x": 0.01213295981567243,
            "y": -0.7318311546662292,
            "z": -0.6813606221722825,
            "w": -0.004863630229067564
        },
        "corners_pixel": [
            [
                1270.90625,
                1094.97265625
            ],
            [
                1189.390625,
                1095.694091796875
            ],
            [
                1165.393310546875,
                1044.4346923828125
            ],
            [
                1238.6571044921875,
                1043.8441162109375
            ]
        ]
    },
    "1": {
        "position_m": {
            "x": 0.18583242110079518,
            "y": 0.36063215797610926,
            "z": 0.5850540060585248
        },
        "rotation_quat": {
            "x": 0.007739218363704664,
            "y": -0.7300851333773664,
            "z": -0.6833099013550148,
            "w": -0.0018388122992862997
        },
        "corners_pixel": [
            [
                1201.0006103515625,
                983.9775390625
            ],
            [
                1137.18212890625,
                983.4675903320312
            ],
            [
                1122.3751220703125,
                951.3538208007812
            ],
            [
                1181.6573486328125,
                951.0797119140625
            ]
        ]
    },
    "5": {
        "position_m": {
            "x": 0.5073802162892893,
            "y": 0.37754081638005177,
            "z": 0.7917761954705542
        },
        "rotation_quat": {
            "x": 0.00706044757352017,
            "y": -0.722898577724066,
            "z": -0.6908453540985277,
            "w": 0.01002462593138013
        },
        "corners_pixel": [
            [
                1443.8458251953125,
                878.91796875
            ],
            [
                1396.4541015625,
                877.635986328125
            ],
            [
                1370.7403564453125,
                858.4564819335938
            ],
            [
                1416.0218505859375,
                859.8355712890625
            ]
        ]
    },
    "2": {
        "position_m": {
            "x": -0.02042043402257263,
            "y": 0.38454359858196235,
            "z": 0.803370433730451
        },
        "rotation_quat": {
            "x": 0.00048568030712624344,
            "y": -0.7265218583031491,
            "z": -0.6871123551594444,
            "w": -0.006508833199578425
        },
        "corners_pixel": [
            [
                943.994140625,
                880.5471801757812
            ],
            [
                896.0198974609375,
                880.5584106445312
            ],
            [
                900.3400268554688,
                862.6043090820312
            ],
            [
                943.3771362304688,
                861.34619140625
            ]
        ]
    }
}