{
    "4": {
        "position_m": {
            "x": 0.12397422204224223,
            "y": 0.6124455185032507,
            "z": 0.7608777740503632
        },
        "rotation_quat": {
            "x": 0.5244081485247781,
            "y": -0.5097892967174255,
            "z": -0.4807810419368005,
            "w": -0.48369469340414695
        },
        "corners_pixel": [
            [
                1084.12353515625,
                1141.4210205078125
            ],
            [
                1093.458251953125,
                1178.7750244140625
            ],
            [
                1041.9766845703125,
                1179.3150634765625
            ],
            [
                1036.1318359375,
                1141.2169189453125
            ]
        ]
    },
    "2": {
        "position_m": {
            "x": 0.12568434027801756,
            "y": 0.6342642789756046,
            "z": 0.9015398132502743
        },
        "rotation_quat": {
            "x": 0.5354465534365221,
            "y": -0.5067948155799823,
            "z": -0.4779494858138304,
            "w": -0.47751470377831984
        },
        "corners_pixel": [
            [
                1066.9140625,
                1067.26171875
            ],
            [
                1074.3438720703125,
                1093.170166015625
            ],
            [
                1031.1357421875,
                1093.1185302734375
            ],
            [
                1026.717529296875,
                1066.25439453125
            ]
        ]
    },
    "6": {
        "position_m": {
            "x": 0.4411875128225689,
            "y": 0.6234013321230063,
            "z": 1.0610693303697523
        },
        "rotation_quat": {
            "x": 0.5112011936550306,
            "y": -0.5191380090940655,
            "z": -0.49730835151673214,
            "w": -0.4710132382759879
        },
        "corners_pixel": [
            [
                1269.48681640625,
                982.7080688476562
            ],
            [
                1283.0,
                1000.0
            ],
            [
                1246.556884765625,
                1000.1856079101562
            ],
            [
                1234.53564453125,
                980.1749267578125
            ]
        ]
    },
    "8": {
        "position_m": {
            "x": -0.201148182862123,
            "y": 0.6304590702443904,
            "z": 1.0791469348228238
        },
        "rotation_quat": {
            "x": -0.5251812293797323,
            "y": 0.49700177643469623,
            "z": 0.48753005146975653,
            "w": 0.48937547899526573
        },
        "corners_pixel": [
            [
                827.1921997070312,
                979.410400390625
            ],
            [
                823.4879760742188,
                998.8200073242188
            ],
            [
                786.676513671875,
                1002.6436157226562
            ],
            [
                794.8660888671875,
                979.3798828125
            ]
        ]
    }
}